Sales_Method,Sales_Volume_Group,Replication,Operating_Profit
Online,Low,1,149.8812663740929
Online,Low,2,154.9807587137518
Online,Low,3,86.59155044486651
Online,Low,4,114.50219884313842
Online,Low,5,101.1199987853391
Online,Low,6,122.4508522131427
Online,Low,7,108.17620775205909
Online,Low,8,83.34195880471454
Online,Low,9,114.37822425854444
Online,Low,10,109.87676075952005
Online,Low,11,111.75613924024611
Online,Low,12,85.0139819261143
Online,Low,13,126.35426535716694
Online,Low,14,131.6030405151794
Online,Low,15,119.17909968019946
Online,Low,16,110.4068361553951
Online,Low,17,98.72144234885371
Online,Low,18,107.03374058037495
Online,Low,19,154.03287635762854
Online,Low,20,107.88105623818481
Online,Low,21,121.68799823140773
Online,Low,22,122.63466965067913
Online,Low,23,96.56068983463594
Online,Low,24,106.8017450183992
Online,Low,25,126.32911286876839
Online,Low,26,103.23281120957131
Online,Low,27,98.63325497686165
Online,Low,28,74.81135998170228
Online,Low,29,136.37063706560744
Online,Low,30,102.37320587594593
Online,Medium,1,205.15079522646064
Online,Medium,2,228.01865980206128
Online,Medium,3,237.8595227539384
Online,Medium,4,215.86614991660272
Online,Medium,5,271.6882134897709
Online,Medium,6,262.2619470554239
Online,Medium,7,224.7270475640479
Online,Medium,8,237.22539044116428
Online,Medium,9,187.42494777313067
Online,Medium,10,243.85340587508998
Online,Medium,11,234.77893700346078
Online,Medium,12,179.1634483224093
Online,Medium,13,219.08005875845302
Online,Medium,14,190.3671185694048
Online,Medium,15,249.9469305518066
Online,Medium,16,196.175821352958
Online,Medium,17,187.95626624322054
Online,Medium,18,203.46132518839622
Online,Medium,19,224.34540535039778
Online,Medium,20,224.9632058684814
Online,Medium,21,207.38281489345988
Online,Medium,22,227.80399091421373
Online,Medium,23,209.7553039932322
Online,Medium,24,232.88553951752726
Online,Medium,25,245.47047287896328
Online,Medium,26,229.85020609409253
Online,Medium,27,222.66580670391426
Online,Medium,28,227.90557059828492
Online,Medium,29,205.35675405883677
Online,Medium,30,249.14388861109217
Online,High,1,366.5489323473922
Online,High,2,402.44008165563116
Online,High,3,416.1017470706789
Online,High,4,330.8136867494585
Online,High,5,383.5161577593062
Online,High,6,359.85803488588226
Online,High,7,373.4727688481931
Online,High,8,366.24237490693105
Online,High,9,337.38892204501536
Online,High,10,383.6847352203848
Online,High,11,351.5647921698387
Online,High,12,404.8008590228766
Online,High,13,361.49230487151937
Online,High,14,373.04049680388556
Online,High,15,381.68294756814765
Online,High,16,380.22949029907267
Online,High,17,383.0848706448846
Online,High,18,384.65937414866204
Online,High,19,363.56626848763574
Online,High,20,358.3866396207015
Online,High,21,385.40299052674493
Online,High,22,370.4445821322776
Online,High,23,349.88229649120643
Online,High,24,369.07966660409346
Online,High,25,334.10172040518364
Online,High,26,363.95584782120534
Online,High,27,363.4432706855045
Online,High,28,367.57022155872676
Online,High,29,369.00327940994873
Online,High,30,386.06057263583364
Store,Low,1,136.0674200636219
Store,Low,2,91.01136913154578
Store,Low,3,88.60896937052127
Store,Low,4,105.88815602741931
Store,Low,5,79.0552939628977
Store,Low,6,148.49894475403775
Store,Low,7,104.45169369333787
Store,Low,8,81.79425494108997
Store,Low,9,86.66758930720653
Store,Low,10,84.61585753846352
Store,Low,11,126.00287397189962
Store,Low,12,109.04079421365502
Store,Low,13,153.75055793789446
Store,Low,14,19.074495489821132
Store,Low,15,133.85049623266747
Store,Low,16,43.873202430582175
Store,Low,17,79.8171313044616
Store,Low,18,100.48164468470983
Store,Low,19,83.86985586453139
Store,Low,20,85.10211889881248
Store,Low,21,121.70925159422175
Store,Low,22,134.27840226270257
Store,Low,23,125.20072394147552
Store,Low,24,111.28103299360205
Store,Low,25,106.6239086026928
Store,Low,26,59.75012480872934
Store,Low,27,90.47999396099314
Store,Low,28,79.00057212478801
Store,Low,29,132.43821957628055
Store,Low,30,132.76690401291333
Store,Medium,1,179.53332948772268
Store,Medium,2,163.55044098439603
Store,Medium,3,251.91261892827308
Store,Medium,4,261.3953050503445
Store,Medium,5,176.04862774988314
Store,Medium,6,169.8522155653452
Store,Medium,7,191.23977131874747
Store,Medium,8,217.2551071606351
Store,Medium,9,224.19451829972667
Store,Medium,10,177.17921767293382
Store,Medium,11,245.89309921877873
Store,Medium,12,186.506940202098
Store,Medium,13,203.97798095672508
Store,Medium,14,196.59812053612893
Store,Medium,15,191.51019864783774
Store,Medium,16,250.4198678948713
Store,Medium,17,149.19742946300937
Store,Medium,18,206.29492621287795
Store,Medium,19,238.4151846743719
Store,Medium,20,155.05119622564726
Store,Medium,21,197.65633615330512
Store,Medium,22,219.71857652075872
Store,Medium,23,231.24296034910503
Store,Medium,24,208.17204493326872
Store,Medium,25,172.00383585091998
Store,Medium,26,217.33403126268092
Store,Medium,27,184.64724656370055
Store,Medium,28,211.41432987966115
Store,Medium,29,156.47575766048297
Store,Medium,30,199.353485962899
Store,High,1,323.77809838014895
Store,High,2,314.39058480905237
Store,High,3,333.2380844629467
Store,High,4,334.23644106531793
Store,High,5,369.1327300020464
Store,High,6,304.80413660446794
Store,High,7,347.56137070308904
Store,High,8,324.2552739211622
Store,High,9,340.3655528452862
Store,High,10,336.9916768077834
Store,High,11,323.6775751338066
Store,High,12,341.7368031067189
Store,High,13,301.85041624697766
Store,High,14,339.3578639091477
Store,High,15,288.2447210205605
Store,High,16,336.0985622843264
Store,High,17,341.63144991705923
Store,High,18,279.5798862103368
Store,High,19,294.5059468722069
Store,High,20,305.3049739894262
Store,High,21,349.7382342111106
Store,High,22,350.4332539097813
Store,High,23,315.03821709625794
Store,High,24,331.85017993224636
Store,High,25,297.6413502335055
Store,High,26,319.1931329910469
Store,High,27,346.79490928212306
Store,High,28,349.92293051034073
Store,High,29,361.6741373125528
Store,High,30,304.7559737942514
