Scenario,Demand_Units,Average_Price,Sales,Profit
Normal,105,92.03,9644.47,1831.78
Normal,117,104.9,12264.04,1591.01
High,140,86.39,12087.99,2988.87
Normal,108,102.86,11126.15,1583.21
Normal,79,50.49,4001.63,863.2
Normal,119,103.32,12290.16,1751.98
Low,72,97.59,7028.32,1449.3
Low,69,83.07,5749.99,713.83
High,176,113.39,20008.63,4286.78
Normal,103,114.81,11845.06,2484.69
Low,75,69.03,5151.44,637.48
Normal,119,92.73,11050.34,1425.36
Low,60,80.5,4866.32,1204.38
Normal,116,50.88,5913.0,1192.8
Normal,130,78.83,10216.95,1570.94
Normal,108,38.05,4102.91,853.23
Low,91,48.85,4452.58,656.33
Normal,105,46.01,4815.15,1003.3
Low,67,118.65,7965.15,1090.24
Normal,99,99.04,9767.75,1401.55
High,159,43.82,6952.06,1304.85
Normal,100,59.16,5926.26,1482.3
Normal,128,72.05,9251.37,1770.89
Normal,79,100.83,7918.2,1483.23
Low,53,53.8,2827.89,495.7
Normal,109,78.52,8579.81,1652.83
Normal,112,74.74,8399.32,2141.67
Normal,104,81.75,8475.74,1822.18
Normal,90,111.45,10065.41,2197.27
Low,73,71.36,5230.47,663.21
High,155,120.0,18643.11,3548.97
Normal,82,72.08,5907.94,1350.37
Normal,104,72.65,7571.31,1185.64
Normal,133,42.33,5618.58,827.56
Normal,127,75.8,9603.77,1188.05
High,130,101.03,13106.29,1947.12
Low,87,56.15,4887.7,686.66
Low,68,89.48,6111.91,1630.74
High,146,86.68,12669.27,1970.28
Normal,94,79.43,7468.32,1769.58
Low,97,89.7,8695.8,2111.58
High,179,89.76,16042.08,3178.3
Normal,113,46.79,5274.28,1180.75
High,143,113.59,16276.3,2552.41
High,156,78.36,12235.28,2818.34
Normal,104,108.22,11275.35,2699.46
Normal,106,64.42,6836.55,1150.48
Low,75,61.37,4621.58,1131.87
High,155,116.0,17925.44,4970.15
Normal,103,71.26,7354.26,1947.14
Normal,102,104.47,10630.15,1738.71
Low,71,63.87,4560.85,1094.02
Normal,120,116.59,13945.89,2064.4
Normal,114,93.12,10634.82,2100.25
Normal,122,52.03,6345.56,1690.93
Normal,107,90.11,9684.08,1197.76
Low,52,63.57,3317.45,767.55
Low,66,47.33,3141.61,858.59
Normal,115,40.44,4650.47,834.17
Normal,129,57.68,7429.62,1698.64
Low,70,116.56,8200.56,1134.24
High,184,89.99,16567.87,2980.27
Low,70,119.23,8303.47,1989.79
Normal,125,41.34,5162.42,622.67
Normal,116,90.87,10584.21,1709.76
Normal,123,76.36,9394.99,1750.64
Normal,104,116.43,12057.08,2706.22
Normal,117,39.85,4666.44,729.62
Normal,104,82.63,8631.09,1608.14
Normal,111,44.28,4894.1,932.84
Normal,117,108.99,12792.75,2015.34
Normal,114,114.59,13034.51,3112.53
Low,79,70.97,5632.92,1098.21
High,167,92.03,15363.74,3901.99
Normal,123,92.06,11308.95,1745.4
Low,52,61.88,3215.68,644.88
High,175,62.38,10909.75,2979.87
Normal,119,94.22,11184.9,1508.1
Normal,133,99.4,13263.09,3699.91
High,157,117.16,18376.81,2317.1
Normal,106,105.56,11155.58,1789.82
Normal,100,84.79,8483.41,1207.54
Normal,127,90.72,11537.85,2512.76
Normal,105,35.71,3737.45,977.56
Low,69,110.94,7615.38,993.0
Low,82,63.01,5183.39,1140.33
High,169,94.69,16039.43,4114.44
High,142,95.65,13627.13,2688.43
Normal,102,48.33,4932.07,950.88
Normal,95,38.18,3645.57,1002.47
Low,87,65.51,5702.19,1429.35
Normal,115,77.29,8884.74,1481.55
High,135,80.07,10837.01,2930.55
Normal,128,63.01,8058.9,1838.69
Normal,122,38.91,4762.09,1251.56
Normal,123,113.2,13940.69,3067.58
Normal,94,100.69,9450.93,1904.63
Normal,94,86.36,8122.66,1277.4
Low,79,41.01,3222.57,535.35
Low,79,73.08,5745.53,859.39
Low,40,90.06,3607.81,814.34
Low,39,98.73,3856.46,547.99
Normal,98,112.05,10971.42,2859.52
Normal,94,49.09,4629.42,1195.48
Low,77,56.95,4379.66,541.92
Normal,95,75.68,7172.8,1609.73
Normal,101,100.18,10156.1,2238.45
High,166,83.44,13845.85,3076.36
Normal,78,76.99,6027.58,1401.29
Normal,98,96.72,9491.48,2042.6
High,164,71.67,11778.11,1485.16
Low,76,111.34,8513.23,1982.94
High,161,97.66,15739.47,2142.01
Normal,99,98.99,9805.71,1960.37
Low,83,106.59,8804.69,2360.47
High,144,118.07,17044.99,2248.76
High,148,76.93,11418.59,2779.57
Normal,127,58.22,7381.25,1998.61
Low,98,86.45,8479.05,2291.17
Normal,102,55.18,5633.16,971.92
Low,65,118.66,7682.17,1758.4
High,123,80.29,9907.6,2229.41
Normal,132,96.41,12712.11,2416.67
High,153,107.88,16494.91,3160.38
Normal,103,101.31,10439.57,2718.57
Normal,111,86.55,9579.81,1760.93
Normal,83,116.05,9686.06,2696.26
Normal,104,70.13,7267.78,975.32
Normal,113,69.2,7827.42,1149.97
High,148,48.95,7261.8,1101.64
Low,68,69.3,4679.95,740.76
Normal,143,91.4,13054.14,1871.93
Normal,93,100.0,9342.53,2535.67
Normal,140,39.88,5576.32,710.04
High,150,98.52,14787.47,2533.8
Low,80,90.8,7273.34,1496.98
Normal,101,112.73,11384.0,1564.38
Normal,78,98.16,7693.77,1112.55
Normal,98,117.78,11556.91,2694.24
Normal,126,116.92,14714.74,3591.79
Normal,89,91.03,8143.16,1695.9
Normal,101,60.36,6069.95,942.07
High,147,101.35,14865.07,2138.73
Normal,94,49.87,4706.72,1037.59
Normal,88,56.61,4984.88,758.1
High,155,83.54,12916.12,1914.97
High,162,40.7,6580.43,1260.12
Normal,132,75.36,9942.38,1741.97
Low,68,107.06,7330.23,1196.03
High,157,79.65,12537.26,2947.99
Normal,134,90.7,12169.52,3353.16
Low,52,114.45,5918.13,1256.69
Normal,117,51.73,6058.59,1433.34
Normal,126,96.46,12120.48,2029.86
Low,79,73.11,5792.0,852.69
Low,53,113.63,6027.23,891.67
High,151,80.73,12208.24,2486.32
Normal,104,72.33,7516.88,1504.13
High,144,46.97,6764.16,1377.06
Normal,123,44.2,5423.3,1438.52
Normal,132,92.32,12221.83,3010.68
Normal,90,119.32,10784.29,1904.41
High,151,119.99,18151.47,3902.24
Normal,97,61.56,5950.89,1404.81
Normal,107,40.43,4319.83,1125.37
Normal,123,69.26,8489.38,1749.06
Low,66,79.62,5242.62,696.36
Normal,89,90.36,8043.07,2189.51
Normal,133,64.24,8536.81,1508.41
High,159,55.99,8914.07,2325.61
Normal,124,103.33,12863.12,2030.6
Low,62,79.64,4926.57,1224.21
Low,88,114.74,10116.03,1261.49
Normal,103,61.85,6346.0,1550.75
Normal,104,63.43,6627.71,1067.13
Normal,106,105.35,11177.27,2319.74
Normal,86,117.96,10096.86,1655.09
Normal,109,67.86,7396.84,1746.19
Normal,105,53.13,5587.71,936.92
High,145,54.31,7859.22,2000.92
Low,75,98.09,7317.05,1173.1
Normal,107,92.47,9875.14,2696.94
Normal,127,42.94,5439.09,886.88
High,143,53.1,7609.13,1311.49
Low,70,106.24,7432.78,1999.14
Low,58,38.84,2263.04,459.47
Normal,100,42.2,4204.09,767.05
High,167,56.18,9356.4,1482.74
Normal,116,65.07,7552.09,1203.99
Normal,111,73.3,8158.3,2209.28
High,126,85.29,10728.27,1691.55
Normal,86,63.58,5480.05,1401.07
Low,67,68.14,4566.47,720.49
Normal,101,92.98,9400.51,2622.67
High,147,94.21,13852.6,2682.7
Low,82,116.57,9609.03,2041.91
Normal,117,117.96,13807.8,3603.0
Normal,140,47.19,6591.3,1437.78
Low,62,115.24,7160.04,1641.49
Normal,99,113.03,11205.83,2025.11
Normal,95,50.28,4792.02,845.6
Low,60,46.71,2791.83,692.93
High,170,96.7,16454.9,2811.29
Low,62,84.6,5246.36,1349.2
Normal,98,108.43,10639.61,2334.09
Normal,101,98.35,9946.36,1614.25
High,151,111.42,16846.07,2498.9
Low,76,77.97,5906.93,1538.01
High,183,61.42,11249.83,3137.03
Normal,102,107.39,10959.91,2291.29
Normal,114,50.04,5704.37,916.34
Low,71,101.87,7276.09,1171.8
Normal,101,48.29,4877.06,1345.72
Low,92,74.27,6858.61,1346.24
Normal,116,78.57,9130.49,2292.92
Normal,131,78.48,10303.45,2514.9
High,153,98.11,14961.71,2593.41
Normal,132,105.27,13896.34,3177.85
High,150,41.14,6167.06,1502.91
Low,67,113.59,7559.15,1859.67
Normal,98,44.0,4326.15,1174.72
Normal,111,77.83,8642.31,1788.66
Normal,103,41.01,4238.3,643.48
Low,91,118.3,10762.61,1621.35
Low,67,99.13,6601.64,1465.72
Normal,116,48.82,5668.61,1430.5
Normal,123,64.08,7858.89,1239.85
Normal,119,106.4,12621.23,3221.17
Normal,91,58.6,5324.5,1473.33
High,152,99.74,15172.75,4229.3
Normal,121,111.99,13510.78,3511.41
High,117,90.38,10605.44,1287.8
Normal,85,81.9,6968.97,845.48
Normal,116,88.74,10271.02,2777.03
High,149,74.23,11042.52,1517.29
Low,82,39.67,3258.87,531.72
Normal,118,94.36,11141.08,2919.28
Normal,117,59.0,6909.5,1268.55
Low,69,37.36,2561.89,423.41
Normal,106,70.6,7510.91,1096.57
Normal,82,50.95,4173.74,1084.27
Normal,95,59.37,5665.76,1164.71
Normal,99,95.9,9494.51,1534.58
Normal,107,69.81,7493.59,1546.71
Normal,90,51.82,4679.26,1262.93
High,139,36.23,5048.81,670.81
High,174,95.35,16607.58,3453.18
Normal,135,77.25,10407.9,2267.33
Normal,103,101.88,10531.96,1472.85
Normal,88,66.89,5917.02,1351.67
Low,64,111.8,7195.39,1735.03
High,134,119.52,15988.52,3835.36
Low,75,96.94,7292.74,1075.56
Normal,107,64.67,6949.39,1542.58
Low,57,76.53,4357.59,929.89
High,155,110.58,17100.92,2708.06
Normal,93,87.21,8081.4,988.64
Low,61,57.42,3505.21,958.69
High,154,42.59,6556.62,1629.14
Normal,115,84.14,9643.69,2242.16
Normal,105,84.83,8883.58,1523.76
Normal,136,104.65,14223.05,2775.96
High,142,79.93,11331.0,2438.11
Normal,100,119.58,11931.22,1522.7
Low,62,114.95,7098.22,1445.58
High,136,109.21,14864.07,2814.51
High,174,83.75,14575.9,2622.59
Normal,105,42.42,4449.58,944.71
Normal,107,107.93,11512.79,1900.53
High,132,74.57,9861.23,1516.53
Normal,125,98.02,12252.99,3052.94
Normal,122,52.84,6431.09,1003.54
High,128,73.0,9352.4,1423.98
Low,87,42.89,3739.72,560.52
Normal,98,68.24,6662.36,1443.41
High,161,118.24,18988.14,3758.95
Normal,86,69.72,5982.36,1232.43
Normal,99,110.97,10939.25,2313.39
Low,67,115.66,7776.23,1083.8
Low,79,117.2,9302.22,1789.39
Normal,89,72.11,6382.79,1440.73
Low,80,115.8,9215.23,1356.49
Low,81,100.16,8089.1,1345.73
Low,76,65.45,4997.95,844.23
Normal,114,81.02,9229.89,2153.92
Normal,122,102.88,12552.7,1602.6
Normal,107,70.54,7561.11,1888.45
High,184,43.33,7983.91,1818.35
Low,74,115.38,8576.18,1398.37
Normal,113,71.76,8102.68,1847.71
Low,79,85.35,6733.24,1576.52
High,130,84.45,10980.65,2016.32
High,187,108.8,20317.61,3104.73
Low,64,57.04,3623.18,961.29
High,136,84.06,11412.1,2840.2
Normal,119,110.1,13049.95,2716.46
Normal,118,103.31,12161.9,1635.67
Normal,115,83.95,9620.68,1564.11
Normal,113,99.37,11267.53,2308.63
Normal,130,47.81,6217.19,1187.79
Low,49,57.68,2831.86,651.95
High,125,91.66,11428.15,3118.7
High,139,82.8,11494.61,2462.61
High,137,56.74,7787.23,1274.01
Normal,109,39.36,4298.92,701.9
High,139,110.05,15327.2,4147.68
Normal,91,38.55,3509.49,660.88
Low,62,39.68,2467.4,489.41
Low,76,45.21,3457.76,501.43
Normal,136,35.7,4849.83,880.24
High,143,81.76,11666.39,2143.88
Normal,106,96.14,10215.47,2725.53
Normal,119,39.39,4704.66,1149.66
High,120,43.51,5204.52,840.91
Low,76,53.44,4056.64,940.9
Normal,106,43.69,4643.84,769.43
Low,79,101.58,7981.2,1087.93
Normal,120,76.66,9224.03,2321.35
Normal,113,98.92,11216.14,2084.43
Low,76,83.85,6376.1,767.34
High,138,107.36,14772.58,2443.38
Normal,112,44.81,4996.88,1229.48
High,166,88.64,14748.54,2205.8
Normal,114,92.67,10575.79,2230.61
Normal,83,85.38,7064.68,1604.45
Low,81,61.97,5041.45,1157.01
Low,74,41.46,3070.33,372.54
High,165,74.1,12239.05,2402.01
Normal,105,54.66,5749.08,1007.04
Normal,125,44.15,5502.76,1153.64
Normal,103,58.18,5970.28,877.63
High,164,94.95,15575.08,2225.61
Low,63,65.83,4173.97,1024.46
Normal,125,55.54,6948.02,1232.79
High,158,54.61,8609.01,1097.0
Normal,125,91.99,11517.06,3113.44
Normal,106,74.05,7885.06,1825.01
High,145,62.49,9047.35,2497.72
Normal,86,98.89,8534.6,1056.01
Normal,117,45.72,5326.64,1026.21
High,141,91.53,12941.4,2617.78
Normal,132,111.92,14759.03,2734.79
High,141,89.59,12638.39,2118.17
Normal,107,105.9,11295.22,1465.92
Low,67,50.3,3380.5,512.89
Normal,93,80.2,7466.29,1628.05
Normal,118,56.43,6640.78,899.71
High,111,67.98,7568.18,1195.54
Normal,109,86.23,9377.41,1312.33
Normal,105,49.37,5188.99,1155.07
Low,68,99.13,6725.24,1665.19
Low,69,62.56,4303.03,781.4
Low,66,73.31,4849.67,1149.82
Normal,123,84.78,10420.13,1763.51
Normal,97,81.73,7965.57,1617.68
Low,58,101.28,5889.3,1183.66
Normal,86,49.97,4291.58,955.2
Normal,111,79.94,8901.31,2367.92
Normal,96,75.64,7264.93,1323.03
Normal,93,60.77,5678.47,1435.52
Low,91,72.38,6604.55,848.01
Normal,145,106.89,15486.45,3767.78
Low,55,118.35,6469.9,896.41
Low,64,62.83,4035.21,907.78
High,130,76.52,9940.27,1893.98
Normal,117,46.61,5453.72,1192.37
Normal,127,87.14,11098.64,2562.43
High,138,107.01,14749.89,3911.19
Normal,85,115.73,9820.22,1633.07
Normal,114,71.96,8226.4,1346.97
Low,64,111.79,7116.57,1764.54
High,160,37.7,6021.44,1646.85
High,140,101.24,14219.19,2435.56
High,147,76.23,11234.25,1773.41
Normal,98,118.24,11584.07,1895.17
Normal,106,58.3,6168.07,1695.17
High,164,41.81,6868.64,1907.75
Normal,106,87.57,9276.79,1872.54
Normal,100,70.41,7013.99,1790.7
High,162,80.31,12998.4,3306.27
Normal,136,46.06,6265.79,1319.32
High,158,99.98,15827.41,4128.05
Low,58,55.66,3219.66,770.82
Normal,117,54.74,6377.51,1594.54
High,162,58.84,9518.21,2374.08
Normal,115,49.71,5699.05,1380.59
Normal,130,67.52,8760.46,1302.56
Normal,90,43.86,3951.23,822.03
Low,77,47.03,3613.02,832.44
Normal,113,78.19,8824.96,1912.44
Normal,104,68.39,7107.08,1640.62
Normal,117,46.63,5435.05,880.37
Normal,107,53.7,5761.22,732.29
Normal,112,86.49,9660.78,2292.79
Normal,111,84.99,9403.31,2602.39
High,147,48.13,7060.14,1452.14
Normal,100,44.48,4451.12,550.91
Normal,109,66.42,7250.4,1643.45
High,171,56.23,9618.19,2200.31
Normal,102,55.55,5674.52,1341.3
Normal,126,94.8,11925.55,1445.25
High,145,61.15,8890.19,1650.65
Low,67,55.84,3725.68,570.24
High,130,50.84,6602.28,1063.68
Normal,111,95.37,10619.52,1683.55
Normal,114,38.22,4372.27,630.15
High,132,56.93,7535.24,992.12
Low,52,98.94,5148.71,814.75
Low,80,119.17,9544.78,1186.33
High,139,38.44,5348.89,1183.75
High,158,74.53,11750.51,1696.41
Normal,107,100.71,10814.12,1728.65
Normal,111,75.29,8341.3,1136.36
High,170,105.74,17952.99,3765.07
Normal,95,92.66,8807.55,1871.63
Normal,88,87.94,7748.71,2081.22
Low,72,36.18,2610.3,546.74
Normal,98,67.38,6632.58,1082.98
Normal,113,47.1,5313.61,890.75
High,145,101.46,14663.85,1845.5
Low,60,96.58,5803.58,1411.32
Normal,129,47.59,6162.03,1378.26
Low,79,40.87,3246.3,514.08
Low,59,82.07,4820.88,801.36
High,162,72.96,11842.74,1929.4
Normal,111,107.96,11941.59,3106.23
Low,55,76.01,4177.02,1082.91
Low,68,53.72,3625.92,829.73
High,166,35.32,5857.68,1634.25
Low,79,105.1,8346.87,2295.88
High,148,112.95,16707.77,4526.29
Low,63,61.31,3833.14,629.02
Low,62,75.94,4725.89,1166.12
Normal,100,74.93,7464.74,2042.99
Normal,110,76.96,8435.54,2121.88
Normal,106,101.29,10723.29,2893.32
Normal,116,114.31,13297.49,2932.22
Normal,119,63.42,7530.59,1084.58
Normal,125,69.12,8630.89,2230.31
High,101,46.85,4708.44,581.76
High,161,112.83,18125.26,5051.88
Normal,119,46.51,5542.89,1266.65
High,142,118.17,16785.9,2463.65
Normal,98,91.31,8980.04,2235.06
Low,61,47.0,2862.09,404.34
Normal,106,76.91,8131.05,1150.2
Low,73,60.81,4410.6,1192.46
Normal,93,72.29,6703.63,1545.25
Normal,120,63.27,7607.64,1149.05
Low,90,95.51,8626.36,1973.76
Normal,94,116.26,10924.22,1791.61
Normal,107,59.62,6401.11,1064.05
Normal,88,39.78,3503.55,672.78
Normal,108,43.26,4658.57,925.28
Normal,82,99.47,8167.73,1925.14
Normal,105,63.29,6636.13,1637.88
Normal,80,49.87,4010.79,746.57
High,143,109.27,15632.88,2327.53
Normal,83,44.0,3643.39,527.63
Normal,104,107.04,11109.81,2887.54
High,174,91.63,15949.47,3980.86
Normal,121,39.28,4769.02,1156.32
Low,77,87.67,6774.9,1655.64
High,148,70.01,10364.93,2048.82
High,182,72.1,13148.95,3100.28
Normal,114,48.88,5579.69,1373.97
Normal,100,86.74,8641.27,2176.22
Normal,95,69.41,6574.02,861.51
High,135,40.61,5487.63,993.08
Low,70,112.47,7920.81,1932.77
Normal,117,63.93,7494.27,1303.69
Normal,101,58.39,5874.3,882.8
Low,64,62.97,4021.28,846.1
High,179,109.91,19716.31,2696.13
Normal,119,112.42,13397.11,3012.35
Normal,108,106.71,11501.61,1523.57
Normal,99,78.3,7752.07,1122.12
Normal,131,58.8,7688.99,1870.03
Normal,106,70.39,7463.94,980.15
Normal,121,114.89,13891.2,2910.74
High,167,65.11,10881.42,1760.55
Normal,118,45.23,5337.71,1126.93
Low,52,92.57,4828.89,721.78
Normal,118,83.21,9822.43,2521.78
High,147,64.08,9403.22,1471.42
Normal,117,38.61,4525.81,771.1
Low,74,94.23,7019.17,1949.45
Normal,126,103.48,13014.22,1580.37
Normal,110,60.78,6680.18,1478.03
Normal,114,103.69,11828.79,2268.17
Normal,90,50.09,4525.41,818.13
High,171,59.21,10136.64,1271.34
Normal,128,117.02,14960.94,4155.28
Normal,100,103.74,10420.32,2079.58
Low,73,39.55,2875.29,749.55
Normal,78,119.01,9279.22,1388.42
Normal,103,70.17,7214.31,1636.78
High,132,46.86,6189.39,1509.77
Normal,133,57.87,7683.62,1545.78
High,171,77.86,13282.63,2847.16
Low,82,42.96,3528.26,775.1
Normal,108,78.9,8516.78,1156.67
Normal,99,111.71,11111.99,2607.65
Low,81,96.1,7742.15,1279.84
Low,73,109.19,7932.17,2189.37
Normal,133,56.2,7496.72,1432.32
Low,54,79.68,4292.27,754.86
Low,68,43.19,2930.91,488.76
Normal,73,92.39,6774.24,1489.95
High,159,54.19,8606.54,1445.38
Normal,125,49.58,6177.63,1131.34
High,152,52.09,7942.19,1037.96
Normal,103,91.08,9424.62,1785.51
Normal,113,70.93,8006.06,1943.78
Normal,118,69.35,8183.88,1446.11
Normal,111,47.64,5269.54,1391.79
High,129,45.81,5912.92,1518.28
High,161,69.22,11117.39,2875.25
Low,63,68.48,4339.04,773.06
Normal,97,56.02,5410.97,1390.6
Low,74,105.06,7798.95,1101.93
Normal,103,94.89,9750.76,2673.53
High,143,57.48,8224.83,1887.67
Normal,85,80.89,6853.74,1560.05
Normal,131,93.29,12200.22,1597.0
Normal,136,75.51,10255.2,2821.66
Normal,110,46.1,5050.07,1110.68
Low,83,72.73,6015.71,953.48
High,160,57.07,9119.52,1693.28
Low,68,49.63,3354.16,835.51
Normal,122,55.36,6770.72,1742.04
Normal,115,103.67,11971.14,1491.01
Low,83,68.58,5704.81,933.72
Normal,91,103.92,9473.52,1718.11
High,161,45.79,7379.14,1104.88
Low,72,83.85,6056.76,1571.32
Normal,100,85.37,8578.38,1208.44
High,152,110.14,16714.75,2457.41
Normal,117,77.21,9070.68,2287.42
Normal,115,88.71,10237.52,2503.58
Normal,109,114.31,12446.87,2551.75
Normal,100,40.38,4046.85,877.61
High,133,83.54,11101.51,2226.23
Low,59,41.72,2481.69,619.37
Low,70,100.06,7033.22,1246.09
High,150,66.75,10033.65,2727.86
Normal,102,77.81,7931.54,1961.5
Normal,112,73.67,8260.22,1227.86
Normal,106,37.72,3993.22,644.55
High,139,43.6,6071.25,1239.6
Low,70,45.43,3174.74,550.89
Normal,109,89.78,9770.34,2142.91
Low,83,92.78,7729.52,1869.62
Normal,96,101.48,9777.14,2673.52
Low,79,60.82,4834.41,636.41
Normal,102,79.89,8167.37,1323.32
Low,85,88.42,7523.7,1140.86
Low,74,71.63,5329.75,865.78
Normal,120,103.33,12353.32,3190.71
Normal,143,77.58,11071.65,2819.67
High,153,66.25,10121.79,1515.81
High,141,61.06,8625.2,1680.97
Normal,113,99.6,11268.72,1768.8
Normal,105,45.32,4750.48,676.08
High,106,63.41,6723.56,1668.22
Normal,105,104.96,10974.3,1833.24
Normal,104,82.71,8566.02,1599.46
Normal,106,93.83,9912.59,1547.83
Normal,104,114.27,11912.41,2098.52
Low,66,38.49,2532.89,428.83
Normal,93,76.1,7050.91,1880.97
Normal,99,36.53,3616.29,696.11
High,129,80.46,10353.17,1903.95
Normal,119,35.16,4201.63,1015.47
High,175,58.46,10210.18,2140.11
Normal,148,45.86,6799.01,1210.02
Normal,99,47.11,4674.43,1240.05
Normal,119,52.09,6190.05,905.1
Low,90,112.84,10191.38,1778.35
Normal,83,97.96,8123.14,1838.45
Normal,120,108.23,12985.01,2949.57
Low,92,103.35,9497.46,2568.38
High,160,46.48,7435.05,1379.67
Low,51,49.56,2536.72,492.74
Normal,115,67.91,7808.47,1081.46
High,137,57.32,7852.01,1002.03
Low,55,40.4,2236.05,374.89
Normal,102,92.72,9462.71,1154.68
Low,77,82.15,6303.74,997.63
Normal,116,76.15,8826.75,1441.56
Normal,129,100.02,12904.78,2590.27
Normal,65,102.85,6665.93,1034.95
High,132,69.17,9158.02,1921.17
High,146,47.22,6890.79,1106.87
High,122,66.91,8176.94,1658.73
High,124,47.45,5893.85,1268.08
Normal,121,116.31,14024.66,2929.58
Normal,101,90.93,9157.31,1954.5
Normal,106,66.07,7022.1,1620.3
Normal,113,116.74,13207.35,1926.11
Normal,114,49.33,5615.67,911.86
Normal,93,119.61,11127.13,2533.81
Low,64,45.85,2924.63,668.77
Normal,93,56.26,5256.3,887.0
Low,78,119.51,9307.15,1908.06
High,140,80.64,11255.39,2038.92
High,146,58.27,8512.89,2066.65
Normal,125,109.8,13720.95,2861.76
Normal,123,107.5,13170.24,2542.6
High,136,108.8,14801.75,3647.83
Normal,94,49.14,4639.9,988.58
Normal,112,74.64,8357.57,1313.5
High,145,103.21,14987.72,2238.33
Normal,111,65.93,7340.77,1372.21
Normal,132,77.12,10185.03,1689.1
Low,77,65.92,5085.69,653.48
High,170,38.97,6612.61,1723.83
High,150,71.15,10706.82,1294.36
Normal,141,113.21,15934.07,2755.3
Normal,81,48.14,3920.79,620.28
Normal,88,75.73,6673.41,1454.41
Low,59,58.95,3495.38,918.59
Normal,118,98.44,11574.1,2403.86
Low,64,104.01,6664.58,1280.29
Low,66,104.92,6955.04,1887.6
Low,79,74.74,5867.9,846.18
Low,48,61.19,2966.47,740.77
Normal,115,80.53,9262.19,1389.46
Low,80,103.6,8255.04,1592.96
Normal,119,86.16,10221.08,2483.42
Low,69,37.86,2629.54,423.07
Normal,119,78.88,9369.88,2114.11
Normal,83,47.36,3939.6,803.9
Low,61,98.13,5960.03,1103.38
High,146,63.28,9224.43,1585.51
Low,84,55.9,4707.42,1270.0
High,154,113.2,17403.12,4111.56
High,168,58.32,9814.73,1222.59
Normal,110,88.63,9718.21,1638.64
Normal,132,105.14,13923.09,2144.77
High,142,77.26,10981.66,2047.18
High,163,74.36,12117.38,2197.25
High,135,119.07,16105.91,2725.91
High,160,55.04,8778.67,1462.62
High,148,76.95,11387.72,3086.57
Normal,115,66.4,7613.91,2015.8
Low,74,58.69,4370.14,984.69
Normal,78,39.41,3073.39,602.69
Normal,73,79.09,5796.53,949.2
High,170,93.37,15835.04,3079.51
Normal,99,74.74,7367.25,1043.63
Low,44,44.55,1981.7,323.48
High,157,47.94,7539.12,1861.97
Low,68,65.75,4469.18,1011.05
Normal,88,93.88,8308.21,1848.14
High,180,94.36,16965.05,4393.41
High,150,96.1,14381.34,3513.93
High,139,77.23,10759.7,1392.43
Normal,80,108.48,8698.27,2391.76
Normal,105,54.91,5776.75,1354.88
Normal,150,108.7,16286.91,4218.55
Normal,127,87.96,11153.99,1679.32
Low,77,70.52,5421.61,1367.09
Normal,98,101.54,9934.45,1339.34
High,144,93.69,13447.9,1850.39
Low,85,79.69,6805.73,1047.82
Low,83,93.85,7813.72,1558.17
Normal,112,63.13,7091.71,1859.77
Low,45,55.41,2472.0,384.51
Normal,109,42.02,4562.74,566.18
Normal,85,62.73,5327.34,795.34
Low,54,59.8,3232.47,711.0
Low,65,44.97,2903.42,579.24
Low,79,71.35,5623.88,1299.98
High,153,103.6,15812.04,1954.45
Normal,80,104.96,8388.83,1171.44
Normal,108,42.51,4583.41,623.2
Normal,95,95.28,9093.6,2052.1
Normal,124,111.42,13839.42,3233.21
Normal,113,35.98,4052.42,769.98
Low,76,92.2,7036.93,1402.95
Normal,120,119.73,14341.28,2161.44
Low,76,87.84,6717.73,940.39
Normal,128,48.77,6245.3,1274.0
High,181,69.54,12576.23,1854.71
High,129,36.29,4676.85,1095.18
Low,83,87.57,7256.27,1497.61
Normal,100,114.3,11460.36,2649.61
High,150,89.68,13447.09,2455.38
Normal,128,75.54,9689.23,1169.29
Low,69,56.16,3848.37,689.57
High,159,65.91,10463.58,2090.12
Normal,72,36.58,2623.79,563.27
High,145,69.57,10107.12,1831.26
Normal,140,47.57,6657.9,1061.17
Normal,80,86.02,6876.67,933.4
Low,73,85.9,6240.41,978.9
Low,77,65.18,5044.42,684.02
Normal,106,101.01,10703.44,1992.78
Low,54,103.87,5569.12,1300.37
Low,71,69.73,4948.89,1028.87
Low,49,45.87,2246.67,436.8
High,156,98.67,15408.68,2321.72
Low,66,77.15,5094.23,1316.65
Normal,97,103.05,9953.49,2117.42
Normal,101,55.63,5638.14,1219.78
Low,56,82.0,4593.68,989.29
Normal,139,45.65,6356.87,1089.94
High,122,88.94,10875.98,1634.95
Low,67,93.05,6260.51,1433.68
Normal,121,115.7,13945.95,2773.48
Low,72,104.87,7508.85,1375.46
Normal,116,50.84,5892.53,1413.65
Normal,118,78.34,9212.04,1285.15
Normal,114,116.98,13361.27,2324.02
Low,81,51.97,4199.12,585.4
High,133,47.95,6360.0,830.26
Normal,124,61.9,7661.39,2137.1
Normal,121,108.61,13123.45,2554.26
Low,63,64.91,4070.28,942.82
Normal,109,97.85,10673.17,1913.31
High,128,70.98,9085.69,2010.83
Normal,117,88.76,10422.82,2264.96
Normal,128,55.23,7093.23,1982.53
Normal,123,78.01,9573.17,1156.98
Normal,102,43.09,4414.6,1006.48
High,156,87.74,13725.3,2696.89
Normal,110,73.76,8140.83,1994.99
Low,83,51.11,4249.63,906.51
High,187,81.02,15153.71,2659.83
High,143,60.03,8592.09,1161.55
Low,74,58.86,4345.58,682.85
Low,58,52.88,3086.5,577.55
Normal,127,104.25,13196.05,2150.39
Normal,107,108.37,11551.22,1663.8
Low,71,89.02,6363.97,823.38
Low,55,88.45,4852.81,868.99
High,158,67.95,10705.61,2679.5
High,165,112.97,18588.37,3378.76
Low,72,115.32,8277.79,1300.95
High,149,93.02,13815.65,2881.62
High,167,63.42,10596.19,2839.65
Normal,102,94.61,9680.78,2225.24
Low,43,76.61,3258.23,711.99
High,131,50.62,6608.68,1318.39
Low,72,50.06,3595.89,477.05
High,128,52.12,6693.36,1773.91
High,168,93.53,15701.16,2264.62
Low,65,89.88,5854.24,888.84
Low,60,55.99,3372.94,508.81
Normal,92,99.56,9207.54,2048.85
Normal,85,116.28,9933.28,1401.76
High,150,35.86,5384.48,909.09
Low,66,49.42,3282.99,490.9
High,150,96.19,14472.36,3726.79
High,133,93.64,12494.31,1583.56
Normal,109,54.0,5880.9,852.21
Normal,124,102.06,12644.84,1528.21
Normal,81,44.83,3625.17,778.91
Normal,110,83.71,9220.52,1622.64
High,169,83.18,14065.35,3475.8
Low,80,96.35,7755.75,1104.9
Normal,110,107.68,11855.17,2654.58
Low,89,108.16,9596.43,2177.63
Normal,120,95.79,11496.85,1639.71
Low,72,107.27,7754.9,1215.72
High,153,104.33,16014.78,2150.63
Low,84,111.58,9337.88,1787.59
Normal,81,47.18,3819.08,947.66
Normal,115,42.47,4868.62,593.79
Normal,100,97.29,9714.99,1851.94
Normal,147,73.58,10783.58,2847.09
High,134,105.86,14173.29,3605.82
Normal,120,79.96,9556.3,1173.98
High,146,118.86,17346.75,4169.32
Normal,98,43.1,4223.16,645.53
Normal,122,85.1,10411.36,1610.8
Normal,145,76.7,11091.23,2349.93
Normal,123,51.65,6337.52,1421.61
Normal,126,105.89,13386.1,2747.2
Low,83,96.04,7939.23,2132.79
Normal,107,59.28,6315.3,1348.01
Normal,124,48.34,5977.39,1323.58
Low,83,75.22,6257.19,1441.92
Normal,98,43.25,4246.44,794.41
Low,86,46.97,4057.53,768.15
Normal,98,51.59,5062.59,1226.18
Low,70,46.91,3265.19,746.46
Normal,111,97.27,10838.4,2437.37
Normal,128,64.54,8257.63,1372.48
High,167,54.01,9010.21,1563.75
Normal,104,50.22,5241.4,723.96
Low,64,116.11,7483.24,1735.82
Normal,148,65.97,9757.43,1850.67
High,151,94.24,14226.92,2512.56
Normal,113,37.83,4269.14,674.71
High,147,90.15,13267.33,1949.68
Low,88,77.66,6821.68,1591.49
Low,65,98.63,6434.28,1295.38
Low,46,78.06,3589.39,861.64
High,143,71.01,10124.6,2182.2
Low,45,114.93,5174.52,1348.73
High,138,45.07,6237.23,1606.72
Normal,101,109.63,11112.6,2373.85
Normal,95,111.39,10594.39,2832.42
Low,67,103.2,6879.74,1868.68
Normal,112,100.74,11292.97,1582.81
Low,86,114.77,9894.74,2727.59
Normal,130,107.96,14046.44,3406.53
High,174,42.05,7334.92,1614.39
Low,57,94.13,5354.47,1439.12
High,154,112.11,17291.18,4273.24
Low,69,53.75,3717.7,954.3
Low,43,101.61,4347.46,647.5
Normal,98,46.43,4551.96,852.19
Low,67,56.12,3753.75,673.96
Normal,133,48.23,6396.74,1030.91
Normal,114,37.18,4242.77,679.14
High,174,35.44,6152.96,906.84
Low,54,95.63,5123.3,1104.94
High,193,90.39,17428.56,3931.8
High,149,86.62,12911.92,3557.78
Low,78,48.8,3827.79,1069.77
Normal,94,67.54,6345.85,1279.74
Low,75,115.85,8697.05,2006.97
High,160,116.39,18666.13,3767.54
Normal,129,94.68,12171.25,1696.91
Normal,105,61.93,6499.2,1634.18
Low,61,80.59,4916.63,895.04
Normal,93,37.74,3526.31,634.22
Normal,108,104.94,11380.08,2539.52
Low,70,92.37,6451.29,1516.36
High,150,75.45,11287.98,2624.31
Low,79,57.18,4520.84,1000.96
Low,67,106.49,7121.27,1656.29
Normal,73,111.61,8186.81,1706.57
Normal,118,43.0,5054.12,878.36
Normal,116,116.27,13459.64,2468.12
Normal,84,57.33,4809.76,1312.67
Normal,122,81.24,9898.98,1714.09
Low,61,96.22,5864.57,1478.76
Low,97,58.78,5705.07,1249.69
Normal,88,92.99,8193.31,1149.01
Normal,121,64.55,7827.68,1003.92
High,158,118.02,18637.06,5002.56
High,161,101.03,16245.94,3268.86
Normal,126,103.02,13030.14,1745.22
High,146,86.57,12602.44,2407.82
High,166,116.89,19418.69,5086.18
High,122,89.52,10928.68,2534.46
Low,74,58.16,4282.58,516.78
High,135,55.39,7486.63,1572.87
High,162,111.21,18000.38,2652.0
Low,76,56.15,4261.45,724.22
Normal,125,116.37,14500.84,1832.87
Normal,113,95.22,10789.84,1320.84
High,170,38.49,6533.1,1003.75
Normal,117,39.53,4638.26,1098.17
Low,85,46.3,3912.91,827.51
Low,72,87.53,6289.9,870.65
Low,75,41.18,3080.3,607.99
Normal,115,81.64,9359.4,1276.59
Low,53,103.94,5530.5,1111.37
High,161,36.71,5915.32,1466.5
Normal,129,64.48,8305.98,1659.81
Low,67,72.6,4871.03,735.47
Normal,105,83.27,8778.05,1694.35
High,137,98.58,13464.66,2630.62
Normal,98,64.79,6380.4,1443.93
High,171,87.69,14988.63,2681.96
Low,49,49.08,2406.21,552.98
Low,70,60.15,4202.46,787.9
Normal,78,111.71,8756.06,1997.22
Normal,96,63.65,6089.84,1310.31
High,151,40.53,6099.46,1255.63
Normal,119,59.96,7111.02,1307.55
Low,82,78.81,6430.32,1686.86
Low,68,114.02,7709.31,1395.0
Low,77,35.58,2734.14,564.66
Low,78,48.67,3783.23,460.97
Low,77,102.15,7915.33,2010.81
Normal,78,58.44,4578.97,649.44
Low,65,55.61,3615.3,866.32
Normal,120,81.71,9803.26,2708.4
Normal,116,97.42,11341.43,1868.94
Normal,105,92.13,9662.95,2661.44
Normal,112,80.55,9021.94,1097.55
Low,50,38.66,1951.57,498.49
Low,62,40.57,2533.08,381.88
High,139,45.21,6263.59,1661.94
Low,65,74.5,4851.55,1039.26
Low,87,73.58,6422.61,1584.74
High,98,111.91,10953.81,1538.94
Normal,110,67.47,7413.87,1415.77
Normal,100,57.38,5760.31,854.88
Normal,116,49.36,5738.03,1011.34
High,144,102.86,14817.01,3587.99
Low,76,91.17,6904.84,1129.76
Low,85,96.01,8183.85,1910.48
Normal,104,98.61,10291.95,2140.89
Normal,108,40.02,4330.69,904.42
Low,46,117.17,5378.09,660.54
Normal,93,61.51,5750.37,870.73
Normal,102,55.25,5626.49,1481.42
Normal,134,48.01,6455.69,1200.62
High,149,67.47,10069.83,1547.73
Low,72,37.2,2663.68,610.56
Normal,110,73.37,8061.55,2074.85
High,153,71.47,10969.36,2689.89
Normal,94,38.14,3601.98,752.45
Low,83,91.36,7618.65,993.18
Normal,92,66.97,6162.53,946.25
Low,63,112.01,7100.03,1540.96
High,129,83.02,10728.1,2492.24
Low,56,45.32,2553.89,693.49
Low,81,82.19,6678.16,1620.89
Low,60,88.93,5329.39,1098.62
High,134,101.69,13598.36,2962.76
High,160,40.0,6398.88,972.39
Normal,87,59.6,5164.41,765.81
Normal,101,41.98,4226.66,619.46
Normal,90,80.42,7257.85,1776.95
High,162,98.94,16076.32,2036.61
Normal,111,112.21,12448.28,3149.65
Normal,114,74.11,8411.88,1566.21
Low,66,49.96,3299.3,679.0
Normal,129,111.03,14271.25,3525.89
Normal,123,37.41,4605.56,709.46
Normal,100,59.43,5934.44,899.07
Normal,97,46.38,4514.76,898.92
Normal,99,116.61,11559.87,3041.1
Low,52,62.36,3227.91,690.99
Normal,112,58.06,6529.76,803.61
High,171,52.37,8968.1,2015.68
Normal,117,64.91,7602.85,1641.51
Normal,105,90.65,9511.17,1709.59
Normal,126,63.44,8004.48,1425.86
Low,92,50.09,4586.96,618.47
Normal,98,69.42,6787.69,819.58
High,133,51.91,6886.33,879.0
Low,72,37.23,2677.56,326.42
High,142,76.38,10847.41,2725.32
High,180,82.09,14775.31,3937.94
Normal,94,66.16,6226.53,770.99
Normal,82,50.26,4129.99,836.28
Normal,96,53.74,5150.9,756.16
Normal,95,81.16,7747.21,1547.9
Low,87,62.05,5377.63,1088.39
Normal,124,77.97,9672.4,1286.36
Normal,107,117.5,12568.58,2566.8
Low,57,51.4,2945.36,780.23
Low,61,106.17,6467.59,788.59
High,135,89.31,12088.09,2502.9
Low,68,94.45,6460.69,930.38
Low,88,57.54,5038.6,1159.2
Low,78,42.1,3292.8,439.72
Normal,104,73.21,7634.81,2020.29
Low,71,63.53,4482.99,633.1
High,133,40.1,5342.19,1175.86
High,136,97.49,13238.5,3706.53
Low,68,119.69,8193.34,2127.58
High,162,64.3,10398.34,2821.26
Normal,116,118.65,13791.66,2896.69
Normal,113,110.38,12493.8,1648.46
High,149,60.59,9023.68,1761.58
Low,63,38.45,2408.63,469.11
Normal,124,119.86,14860.85,2691.73
Normal,95,97.85,9254.69,2359.69
Low,49,84.08,4150.54,1095.98
High,129,61.86,7975.26,2028.43
High,170,77.38,13123.41,2107.3
Normal,115,77.71,8968.67,1361.01
High,155,92.13,14255.99,1814.76
High,178,90.3,16105.92,3535.96
Normal,94,114.78,10796.88,2382.61
Normal,93,95.2,8836.86,1332.18
Low,59,101.47,6028.62,1353.38
Normal,96,88.65,8530.69,1025.81
High,154,69.45,10722.58,1771.52
High,142,108.75,15457.83,2989.36
Normal,108,118.64,12853.51,1746.46
Normal,99,40.09,3952.3,756.84
High,140,107.55,15061.01,2296.7
Low,49,111.77,5469.66,899.3
Low,68,98.28,6641.34,1305.01
Low,62,54.59,3395.53,888.98
High,131,89.61,11697.37,2486.22
Normal,106,91.31,9685.13,1189.59
Low,85,86.2,7354.93,1051.47
Normal,101,65.39,6585.52,857.01
Normal,110,111.22,12239.54,1833.51
Low,61,95.53,5838.98,1021.74
Low,104,79.8,8275.56,1224.86
High,140,53.26,7473.89,1448.95
Normal,127,50.94,6476.48,1631.23
Normal,106,110.07,11682.64,2945.04
Low,94,64.34,6022.36,1049.94
High,154,115.0,17696.56,3048.54
Low,55,50.36,2760.86,660.73
Low,58,36.55,2133.34,397.68
Low,82,72.7,5925.23,1630.73
Normal,103,63.66,6563.76,1254.94
Normal,103,117.6,12159.84,1932.31
High,151,99.95,15098.51,1835.54
Low,61,50.69,3111.56,848.39
Low,87,90.69,7929.56,1102.2
Normal,98,103.98,10165.51,1504.78
Normal,107,66.84,7179.53,905.58
High,141,106.2,14987.62,2913.44
Low,79,37.42,2937.23,544.39
Normal,97,116.13,11286.15,2827.44
Normal,79,75.89,5980.82,1249.14
Low,69,63.19,4367.19,930.94
High,158,93.48,14780.76,3642.56
High,157,111.57,17486.36,3729.3
Normal,113,114.52,12924.99,2720.2
Normal,107,58.01,6185.74,1661.27
Normal,85,52.3,4469.64,848.91
Normal,114,44.72,5100.99,1129.92
Normal,100,79.42,7906.15,1434.91
Normal,113,46.89,5283.37,1184.05
Normal,143,116.54,16615.15,2020.55
Normal,104,67.51,6997.48,1653.29
High,151,87.99,13325.58,3265.86
Normal,107,96.9,10368.72,2699.8
Low,76,89.79,6809.69,1361.75
Normal,97,72.75,7031.41,1165.73
Low,72,70.4,5066.28,1200.08
Normal,115,106.62,12237.67,3326.72
Normal,122,50.27,6108.96,1485.55
Normal,83,88.96,7391.62,1964.61
Normal,110,119.8,13121.65,1825.14
Normal,126,51.43,6487.13,1737.78
High,162,55.24,8951.95,2092.29
High,133,117.98,15668.66,3941.69
Normal,79,57.27,4543.23,851.14
Normal,84,40.88,3444.1,727.38
High,163,73.64,11993.2,2616.12
Normal,96,35.4,3413.39,692.93
Low,52,106.1,5524.56,748.31
Normal,111,74.42,8232.68,1293.5
Low,78,66.35,5154.43,733.62
High,171,80.68,13776.91,3478.63
Normal,110,48.88,5378.47,966.05
High,177,54.56,9654.72,1603.44
Normal,130,61.76,8001.06,1239.62
Normal,94,44.9,4241.28,985.47
Low,64,71.64,4590.1,932.76
Normal,108,77.33,8325.43,1787.73
High,136,59.43,8071.91,1945.45
Normal,106,50.8,5379.2,1480.21
Normal,107,115.17,12319.03,2939.2
Normal,94,88.96,8379.96,2307.67
High,142,51.65,7334.18,1698.77
High,164,47.41,7763.05,1772.73
Normal,98,94.36,9291.08,1329.34
Low,79,89.36,7039.2,949.42
Normal,111,100.56,11179.71,1384.37
Normal,117,94.71,11085.81,2560.77
High,119,66.51,7923.68,1773.71
Low,86,116.94,10030.01,2216.76
Normal,114,102.57,11722.92,2579.18
Low,56,78.17,4396.25,1011.74
Normal,121,75.6,9164.3,2324.83
Low,62,51.18,3176.31,750.17
Normal,134,100.56,13520.16,2918.83
High,150,47.04,7039.06,1090.13
Normal,109,43.63,4771.02,1158.23
Normal,86,62.22,5342.74,854.52
Low,88,44.43,3902.45,893.08
Normal,88,56.09,4935.03,698.57
Normal,109,74.26,8128.69,1638.8
Normal,97,54.12,5224.84,1156.08
High,153,113.74,17439.96,4367.48
Low,51,109.1,5529.9,1285.18
Low,49,112.71,5550.1,1382.14
Normal,123,55.4,6826.03,1753.16
High,154,37.86,5816.23,1513.78
Low,59,106.86,6314.64,1647.9
High,111,85.01,9412.85,1526.4
High,121,67.31,8127.57,2025.92
High,153,102.55,15661.1,1921.75
High,146,106.53,15604.16,4209.48
Normal,90,82.15,7428.88,1112.8
Normal,87,101.1,8753.51,2287.82
High,156,76.57,11957.95,2973.81
Normal,127,65.34,8321.97,1517.32
Normal,104,47.8,4954.94,1358.37
Low,62,85.98,5367.12,724.83
Normal,91,57.12,5199.89,866.09
High,120,96.64,11557.05,1855.09
Normal,83,56.53,4665.45,565.98
Normal,118,93.96,11127.4,1628.36
Normal,114,84.27,9579.8,2366.65
Low,76,87.16,6606.25,1671.95
Normal,118,116.82,13827.77,3307.7
Normal,93,84.62,7854.57,1630.66
High,144,54.5,7865.79,1739.67
Low,77,88.29,6793.41,1447.33
Low,102,87.32,8900.03,1427.3
High,124,35.31,4367.1,792.81
Normal,100,117.64,11734.74,2944.74
Low,76,112.44,8491.04,1146.29
Normal,111,51.38,5685.29,717.46
High,161,88.3,14186.62,3264.2
Normal,109,37.45,4086.23,1038.5
Normal,120,82.08,9871.62,2159.57
Low,84,108.86,9142.43,2212.23
Normal,81,95.05,7727.68,2135.7
Normal,113,86.36,9800.16,2165.36
Normal,106,59.87,6370.82,1217.21
Normal,100,82.63,8276.5,2308.38
High,168,65.12,10923.54,2409.47
Normal,131,100.55,13135.65,1949.3
Low,83,115.96,9639.82,2213.52
High,158,105.67,16713.49,3992.86
Normal,115,60.03,6878.85,837.87
High,136,55.63,7575.98,1433.98
Low,83,119.5,9949.61,2700.44
Normal,101,54.77,5539.89,1388.29
Normal,113,36.31,4119.61,629.3
Normal,118,74.07,8708.18,1469.45
Low,67,56.82,3812.55,860.22
High,151,60.77,9177.94,2441.56
Normal,90,77.75,6966.2,1814.73
High,151,37.74,5714.57,907.74
Low,78,83.22,6452.79,1477.93
Normal,102,85.46,8701.24,1829.59
Normal,110,96.71,10683.21,1924.32
High,159,71.84,11439.52,1923.75
Normal,93,89.34,8328.84,1663.53
Normal,117,77.21,9031.9,1905.33
High,170,111.1,18861.25,4977.81
Low,67,99.97,6700.28,1607.15
Low,81,43.79,3556.7,461.04
Normal,104,93.51,9740.15,1444.5
Low,76,111.14,8456.7,1336.47
Low,67,41.76,2789.17,426.64
Normal,127,73.2,9322.89,1560.41
High,124,96.56,11960.22,2212.95
Normal,96,108.98,10441.91,1281.26
Low,101,62.21,6278.65,821.94
Normal,131,77.75,10155.64,2294.9
Normal,109,52.6,5708.67,1233.73
High,134,55.06,7376.15,1919.39
High,153,71.37,10907.1,2975.48
Normal,109,94.69,10364.88,2457.21
Normal,112,39.83,4468.18,818.34
Normal,119,53.11,6313.35,1509.08
Low,59,85.51,5058.42,1075.38
Normal,139,88.5,12308.95,3334.37
Normal,126,61.61,7748.59,2051.19
Normal,105,70.84,7424.56,1889.08
High,166,89.26,14806.36,3317.54
Normal,115,59.84,6905.5,1017.58
Low,61,52.8,3199.54,777.95
Normal,132,65.7,8643.37,2252.58
Low,70,48.41,3377.36,811.06
High,174,92.19,16024.51,3424.44
High,169,46.07,7763.59,1856.27
High,140,36.05,5060.34,903.7
Low,60,62.63,3786.16,539.28
Low,66,109.68,7228.51,1258.38
Normal,94,51.35,4821.62,1242.36
High,161,87.65,14154.08,3727.59
Normal,110,92.09,10159.32,1545.18
Normal,111,111.04,12337.2,1653.2
Normal,102,60.0,6116.2,829.81
High,172,74.2,12733.22,2639.79
High,145,81.79,11843.67,1927.27
Low,44,43.89,1911.19,360.13
Normal,130,54.53,7064.71,1464.37
Normal,119,109.53,13077.57,1688.85
Low,61,47.31,2881.23,709.59
Low,71,42.9,3037.26,451.66
Normal,100,92.36,9268.6,1781.63
Normal,109,91.59,9986.68,2590.61
Normal,117,82.64,9665.12,2431.31
Normal,140,76.26,10707.89,2807.34
High,150,54.99,8261.11,1931.96
Normal,114,78.73,8993.0,1417.67
High,147,36.59,5382.84,987.69
Low,65,70.67,4623.15,629.49
Normal,97,48.71,4711.14,846.32
Low,80,91.28,7278.83,879.2
High,154,36.3,5597.34,1157.55
High,134,80.81,10810.85,1386.84
Normal,104,114.53,11911.86,1639.65
High,140,92.44,12906.39,2751.52
Normal,109,95.26,10356.77,1351.95
Normal,121,97.36,11764.01,2711.25
Low,89,42.3,3775.76,860.33
Normal,101,71.91,7245.51,1930.33
High,124,51.85,6445.94,1256.79
Low,54,70.25,3802.21,1060.37
Low,50,97.8,4936.35,1320.46
Normal,111,44.75,4961.55,938.18
High,162,80.11,12978.44,2212.61
Low,84,93.1,7823.37,1550.5
Normal,113,62.0,7032.5,1374.44
Low,72,87.05,6285.53,915.67
Low,56,36.24,2036.76,505.76
Normal,108,68.87,7406.04,1003.08
Normal,84,43.2,3625.77,502.44
High,145,60.95,8849.43,1880.9
Normal,111,37.03,4104.84,643.39
Normal,129,45.98,5926.78,1550.1
Normal,105,74.92,7858.53,2198.05
Normal,121,68.96,8349.91,1208.94
Low,86,109.62,9386.49,2536.25
Low,64,50.63,3215.62,791.42
High,154,61.22,9441.05,1704.91
Normal,100,50.09,5031.94,1033.12
High,141,117.17,16481.85,3010.32
Normal,71,119.24,8501.37,1719.39
High,167,88.16,14753.31,2985.13
Normal,121,40.83,4928.3,1189.96
High,169,62.92,10611.33,2399.27
Low,85,102.91,8766.63,1160.81
Low,89,80.62,7165.3,1201.67
Normal,103,82.74,8499.81,1133.98
High,146,116.27,16957.48,3194.02
High,148,42.26,6251.5,1233.54
High,135,113.33,15281.57,2704.35
High,156,109.72,17146.91,2548.32
Normal,106,61.56,6499.78,1163.28
High,123,63.97,7879.61,1815.71
Normal,140,49.58,6950.51,970.18
High,144,41.34,5944.43,1212.46
High,154,69.57,10682.84,2475.09
Normal,90,57.38,5180.59,792.55
Low,68,75.67,5152.7,1378.0
Normal,92,111.64,10301.21,1459.71
Low,76,37.48,2843.3,413.06
Normal,117,80.57,9424.65,1319.06
High,150,77.7,11668.66,2892.57
High,129,94.57,12155.74,1645.63
Normal,97,114.7,11136.56,2237.51
Low,81,62.18,5005.74,1311.64
Low,68,57.87,3948.42,833.22
Normal,134,55.84,7484.12,1332.61
High,144,61.17,8817.98,1698.04
High,155,45.14,7016.99,871.29
Normal,109,35.37,3850.68,770.85
High,165,51.18,8429.92,2226.3
Normal,104,102.98,10663.89,2771.64
Normal,79,87.66,6890.12,903.64
High,154,75.52,11616.9,2305.87
Normal,68,104.7,7143.98,970.96
Low,84,56.89,4771.63,1021.03
Normal,91,100.95,9166.11,1769.03
Normal,91,40.62,3709.43,845.55
Normal,102,103.89,10552.5,2120.75
Normal,98,89.66,8769.34,1667.95
Normal,128,115.76,14780.98,2613.96
Normal,95,84.49,8044.46,1049.9
Normal,114,35.49,4055.42,933.83
Normal,84,65.29,5470.35,809.53
Normal,104,70.15,7322.54,1836.58
Normal,103,47.71,4927.54,846.07
High,165,89.54,14795.59,3392.64
High,120,78.88,9497.06,2629.47
High,182,100.53,18331.8,3521.2
High,151,42.6,6452.37,1570.64
Normal,127,92.54,11707.21,2888.38
Normal,98,76.7,7480.2,937.85
High,141,88.9,12516.57,2579.53
High,159,111.92,17811.82,3061.57
High,124,96.08,11873.82,2274.05
High,140,45.84,6409.77,1077.13
High,137,59.47,8142.59,1682.3
Normal,93,111.35,10353.6,2737.34
High,161,60.63,9778.94,1253.09
Normal,91,61.1,5548.84,856.58
Low,60,92.02,5546.64,1458.32
Normal,133,49.29,6564.52,864.1
Normal,110,86.32,9537.39,1706.95
Low,64,88.4,5684.36,910.86
Low,81,97.07,7896.93,1168.45
Normal,108,99.02,10707.86,1751.82
High,160,101.02,16143.49,3439.21
Normal,95,110.86,10578.82,2908.0
Low,85,35.61,3019.35,562.46
Low,70,93.28,6505.9,1245.38
Low,81,86.02,6932.91,1274.84
Low,49,38.19,1865.12,508.93
Normal,112,74.86,8421.63,1187.21
Low,51,116.91,5919.77,999.64
Normal,85,74.22,6281.25,783.99
Normal,116,68.16,7883.22,1380.06
Low,65,53.89,3491.24,574.02
Normal,110,111.67,12262.96,1948.19
Normal,127,37.92,4802.67,747.51
Normal,91,95.44,8656.96,1500.68
Normal,111,56.19,6209.91,995.71
Normal,104,98.9,10280.62,1336.15
Normal,121,104.95,12670.54,2055.15
Normal,123,84.68,10399.37,2873.83
Normal,132,35.86,4735.21,1283.93
Normal,116,71.19,8279.58,1940.13
Normal,107,60.38,6447.68,971.52
Normal,124,91.35,11370.47,2410.96
Low,104,108.55,11257.27,2864.26
Normal,99,112.39,11178.24,1539.32
High,184,55.43,10202.35,2090.52
Low,73,72.39,5310.07,897.99
Normal,148,109.8,16224.52,2987.27
Low,56,75.06,4171.94,862.56
Normal,95,47.02,4484.66,882.1
Normal,129,75.58,9728.71,2597.98
High,128,86.97,11140.58,2287.26
Low,63,107.25,6767.9,1549.32
Low,70,53.42,3760.6,786.35
High,160,116.19,18567.63,3429.08
High,130,101.13,13115.52,2006.11
Normal,142,57.94,8232.38,1094.68
High,191,118.11,22593.39,5160.0
Low,58,115.03,6683.62,910.53
High,138,98.06,13557.71,1807.76
High,182,82.47,15026.06,4004.12
Normal,127,113.3,14415.45,3967.79
High,126,72.61,9121.6,1972.22
Normal,136,71.19,9660.27,1208.47
Normal,109,67.08,7319.87,1771.59
Normal,120,105.09,12598.66,2548.69
Low,73,48.23,3499.26,853.95
High,152,40.76,6194.49,1153.41
Normal,118,61.1,7200.22,1722.14
Low,102,115.24,11712.16,2895.84
Normal,114,73.91,8446.37,1752.07
High,133,61.14,8154.17,2242.51
Low,60,39.58,2377.3,402.1
Normal,122,91.38,11173.44,3032.14
Normal,119,80.4,9564.05,1215.35
Low,59,102.3,6051.52,1505.94
Normal,77,69.51,5333.22,1118.06
Normal,132,98.14,12929.46,2262.07
Normal,105,50.39,5310.27,701.91
Low,89,95.22,8459.9,1948.97
High,117,56.7,6641.41,1514.86
Low,54,104.41,5680.38,1341.34
High,159,89.18,14208.43,3393.25
Normal,98,73.18,7200.98,1000.99
High,124,45.99,5711.53,1470.23
High,170,55.81,9474.81,1359.77
Low,66,48.85,3209.76,675.82
Normal,92,67.0,6194.11,1533.03
Normal,145,54.64,7908.96,2214.36
Normal,105,68.76,7201.28,1086.81
Low,70,115.05,8068.57,1342.4
Normal,101,39.32,3976.71,665.55
Low,76,46.04,3519.58,822.78
Normal,131,79.07,10331.05,2082.31
Normal,120,98.01,11769.5,2157.55
Normal,131,59.41,7754.63,2105.0
Normal,118,102.82,12180.74,2582.1
Normal,121,53.76,6515.2,1652.94
Normal,114,114.01,12994.0,3565.85
Low,71,82.07,5853.21,1174.84
Normal,125,55.24,6901.31,1824.65
Low,78,81.49,6337.62,1570.55
Normal,93,114.11,10605.6,2965.06
Normal,127,106.07,13487.54,2590.37
Normal,121,80.6,9785.85,1208.06
Normal,100,49.08,4926.31,677.26
Normal,104,115.12,11924.75,2863.2
Normal,130,109.5,14195.11,3550.56
Normal,130,36.05,4703.9,835.55
High,144,41.19,5921.2,819.88
Normal,126,74.68,9399.29,2194.28
Low,52,83.38,4321.28,957.53
Low,89,82.67,7349.54,946.69
Normal,126,87.33,11038.61,2291.33
High,109,93.21,10198.64,1627.81
Low,66,114.7,7543.82,1045.21
Low,77,68.84,5270.04,785.43
Normal,119,37.46,4451.45,683.58
High,165,83.08,13722.25,1998.3
Normal,134,83.51,11182.7,1667.7
Normal,82,54.8,4492.97,926.15
Normal,107,79.29,8464.52,1076.67
Normal,111,111.21,12328.32,2067.25
Low,53,88.36,4683.73,643.58
Normal,114,97.66,11111.27,2438.66
High,164,90.7,14911.21,4051.02
Normal,116,62.99,7299.05,927.78
Normal,103,50.19,5150.41,1356.15
High,143,67.7,9686.01,2348.1
Normal,88,93.6,8261.95,1711.24
Normal,110,71.44,7848.61,2133.95
Normal,130,73.73,9585.32,1488.68
Normal,120,96.28,11524.95,1464.36
Normal,115,90.37,10380.87,2547.42
Normal,119,106.34,12671.64,1770.15
High,160,105.15,16824.65,4260.84
Normal,119,47.96,5730.21,1529.19
High,145,72.5,10544.58,1684.71
High,152,60.71,9206.03,2376.18
High,172,117.62,20251.82,4158.88
Normal,102,67.86,6948.61,1220.11
Normal,106,84.22,8894.52,1465.36
Low,92,81.28,7507.29,1843.91
Normal,122,95.75,11715.88,2647.9
Low,54,47.48,2571.19,655.52
Normal,94,116.6,10918.56,2381.88
Normal,112,41.61,4673.47,827.7
Normal,95,89.54,8506.53,1512.02
Low,61,119.59,7278.09,1935.67
Normal,113,115.42,13009.22,2950.36
Normal,126,55.6,7003.81,1784.57
Low,67,72.02,4847.44,1172.52
Normal,118,78.54,9295.9,1418.19
Low,55,51.48,2830.48,545.48
Low,77,100.9,7792.2,1039.61
Low,93,77.89,7267.98,1844.95
High,142,58.73,8344.94,1748.27
High,124,112.86,13972.07,3717.62
Low,53,53.88,2845.88,418.12
Normal,104,55.59,5754.37,1540.68
Normal,129,114.94,14812.85,3880.35
Normal,98,58.81,5736.82,836.2
Normal,108,100.21,10837.38,2623.04
Normal,122,71.25,8696.55,1698.42
Low,70,95.21,6645.05,1078.14
Low,81,119.99,9739.56,2604.58
Normal,87,98.53,8534.0,2110.61
Low,79,76.72,6069.85,887.65
High,183,92.97,17059.43,4643.1
Normal,114,75.86,8629.5,1764.58
Normal,130,101.09,13106.09,2721.97
Normal,116,38.16,4427.96,1005.8
Low,57,69.27,3929.85,735.97
High,137,42.87,5887.06,1054.57
Normal,94,59.72,5586.22,1349.17
Normal,118,106.81,12641.66,2509.57
Normal,90,46.44,4166.51,885.42
Normal,125,73.72,9201.75,1629.5
High,164,119.98,19715.03,4234.46
Normal,127,103.96,13226.21,2983.86
Normal,106,72.59,7696.18,1230.55
Low,84,59.08,4951.17,1324.51
Normal,126,84.76,10718.51,2162.24
High,154,102.15,15745.64,2823.33
Normal,108,74.58,8055.97,1864.96
High,139,58.39,8142.18,2201.04
High,149,99.59,14794.65,3064.88
High,140,107.05,14988.27,2592.85
Normal,103,55.98,5784.25,1308.23
Low,76,54.61,4152.41,1110.61
Normal,90,64.07,5763.94,858.1
Normal,118,40.87,4809.27,988.29
High,159,116.03,18480.02,2872.84
Low,64,99.35,6319.79,1297.47
Normal,98,40.25,3933.26,960.62
High,171,115.69,19771.8,4914.12
High,153,77.07,11816.28,1486.03
Normal,85,58.07,4948.73,832.2
Normal,77,113.93,8805.22,1344.8
Low,68,107.43,7343.73,1221.11
High,116,64.16,7455.33,1446.57
Low,34,96.34,3238.18,424.95
Low,71,54.83,3890.42,772.59
Normal,107,117.77,12595.46,2989.55
Normal,114,49.33,5611.7,1119.55
Normal,114,60.93,6961.57,1560.35
High,146,107.59,15691.11,3833.71
Normal,91,111.25,10135.53,2726.91
Low,62,95.97,5987.11,1525.41
High,150,42.82,6436.46,1646.97
Low,71,73.09,5192.49,881.76
Normal,110,64.35,7090.46,1255.87
Normal,117,61.09,7166.37,1188.84
Normal,116,58.16,6759.03,1735.24
Normal,124,89.22,11071.7,2011.86
Normal,112,46.13,5174.84,627.98
High,131,101.7,13337.52,1797.12
Low,65,61.63,3995.08,560.2
Normal,133,65.77,8773.97,1134.82
Normal,90,105.31,9450.16,2021.49
Low,96,74.11,7096.82,942.27
Low,69,83.72,5810.63,1303.97
High,137,77.68,10613.92,1697.97
Normal,123,70.65,8704.07,2126.05
Low,71,90.4,6440.98,1408.71
Normal,112,40.18,4512.56,1191.22
Normal,100,98.97,9883.63,1919.97
Normal,102,92.44,9431.36,1722.5
Low,95,57.7,5479.89,945.45
Low,85,57.65,4874.88,726.77
Normal,102,55.1,5598.61,970.61
Normal,113,96.01,10837.37,1315.05
High,131,84.17,11011.17,2927.76
Low,64,81.98,5276.0,1454.99
Normal,104,112.51,11706.59,3094.49
Normal,109,119.98,13059.14,1712.87
High,153,84.19,12868.98,1836.51
Normal,117,89.88,10482.92,2645.6
High,147,85.96,12650.09,2525.98
Low,76,43.73,3344.2,433.01
Low,67,71.44,4814.89,828.08
